atom,type,x,y,z
C1,C,0.045827,0.096265,0.122685
C2,C,0.082070,0.090708,0.109621
C3,C,0.088086,0.096352,0.077944
C4,C,0.110994,0.081953,0.129734
C5,C,0.120456,0.108487,0.067068
C6,C,0.161198,0.009135,0.016007
H1,H,0.065184,0.100573,0.060432
H2,H,0.025750,0.104727,0.109837
C7,C,0.147499,0.083548,0.118351
C8,C,0.150147,0.102074,0.086770
C9,C,0.121179,0.129270,0.038993
H3,H,0.159321,0.012338,0.068892
C10,C,0.148712,0.146016,0.029508
H4,H,0.099947,0.132821,0.024401
H5,H,0.150880,0.160956,0.007581
C11,C,0.056277,0.162201,0.133852
C12,C,0.155823,0.043203,0.005432
H6,H,0.151419,0.063279,0.025980
H7,H,0.201259,0.080881,0.133536
C13,C,0.176172,0.075891,0.140237
C14,C,0.180032,0.114517,0.074010
H8,H,0.203517,0.106646,0.083077
C15,C,0.179030,0.138334,0.046275
H9,H,0.199452,0.151505,0.035654
H10,H,0.374779,0.116355,0.016572
C16,C,0.412618,0.079797,0.010815
C17,C,0.393840,0.099406,0.013385
H11,H,0.429357,0.059667,0.012830
H12,H,0.129802,0.152309,0.098272
C18,C,0.120491,0.175467,0.096955
C19,C,0.111884,0.202219,0.095501
H13,H,0.100368,0.226901,0.094907
H14,H,0.045379,0.166106,0.111326
C20,C,0.087959,0.043949,0.221263
C21,C,0.061268,0.050592,0.201162
C22,C,0.121642,0.043610,0.209757
H15,H,0.036530,0.040522,0.210148
C23,C,0.132037,0.056714,0.180190
C24,C,0.067683,0.065390,0.168884
C25,C,0.067385,0.155374,0.160703
H16,H,0.019343,0.086291,0.168193
C26,C,0.041168,0.083459,0.153446
C27,C,0.104633,0.065490,0.158562
C28,C,0.076577,0.136407,0.185856
H17,H,0.083731,0.030326,0.245394
H18,H,0.138920,0.038755,0.227242
C29,C,0.082837,0.117380,0.206459
H19,H,0.087657,0.101867,0.227964
H20,H,0.184118,0.059352,0.187821
C30,C,0.166112,0.063126,0.169479
H21,H,0.430170,0.031181,0.259477
H22,H,0.436751,0.092738,0.254893
C31,C,0.380932,0.031245,0.277245
H23,H,0.081571,0.162974,0.250628
C32,C,0.359719,0.154078,0.270264
C33,C,0.386209,0.133904,0.271381
C34,C,0.329934,0.141294,0.285877
C35,C,0.386881,0.098338,0.273064
H24,H,0.408313,0.146367,0.266057
C36,C,0.415015,0.080454,0.263168
C37,C,0.410543,0.044318,0.266308
H25,H,0.071600,0.238956,0.242660
C38,C,0.081639,0.188200,0.246588
C39,C,0.077447,0.214765,0.244589
H26,H,0.417810,0.354508,0.224839
H27,H,0.359145,0.178232,0.263549
H28,H,0.013411,0.481093,0.268180
H29,H,0.381912,0.004933,0.280753
H30,H,0.468600,0.486533,0.194747
C40,C,0.436306,0.406595,0.209075
C41,C,0.444893,0.435772,0.202380
C42,C,0.428821,0.377294,0.217066
C43,C,0.459056,0.461841,0.199213
C44,C,0.354408,0.083837,0.283004
C45,C,0.057657,0.057011,0.381746
C46,C,0.129021,0.043887,0.389139
C47,C,0.083969,0.066414,0.358670
H31,H,0.153648,0.044060,0.397297
C48,C,0.118003,0.061226,0.361627
H32,H,0.134522,0.068523,0.343416
C49,C,0.078021,0.083507,0.327916
H33,H,0.099336,0.090198,0.315850
C50,C,0.046866,0.098257,0.324141
C51,C,0.151915,0.154843,0.392990
H34,H,0.137237,0.158617,0.370102
C52,C,0.024712,0.072555,0.377311
C53,C,0.020790,0.088328,0.345636
C54,C,0.104038,0.032719,0.411653
C55,C,0.068156,0.039473,0.410095
C56,C,0.168803,0.122869,0.390833
H35,H,0.170127,0.111906,0.367524
H36,H,0.043443,0.112510,0.302935
C57,C,0.320996,0.035974,0.301697
H37,H,0.019526,0.215770,0.368797
H38,H,0.254832,0.106667,0.332801
C58,C,0.277111,0.114825,0.322131
C59,C,0.282720,0.150009,0.318430
C60,C,0.305930,0.163482,0.296020
C61,C,0.299056,0.057480,0.315435
C62,C,0.299460,0.094626,0.308666
H39,H,0.278852,0.048820,0.329180
H40,H,0.497505,0.037641,0.348328
H41,H,0.223242,0.029880,0.353627
H42,H,0.317514,0.011200,0.300075
C63,C,0.224235,0.005211,0.361715
H43,H,0.214190,0.042982,0.397682
C64,C,0.182490,0.112687,0.421034
C65,C,0.223394,0.054705,0.417935
C66,C,0.328990,0.105760,0.292612
C67,C,0.263968,0.166546,0.346913
H44,H,0.308740,0.188352,0.291311
H45,H,0.241229,0.185788,0.389193
H46,H,0.261304,0.447924,0.420692
C68,C,0.151136,0.177340,0.417218
H47,H,0.136557,0.198768,0.416837
C69,C,0.253186,0.178599,0.368139
O1,O,0.009335,0.220282,0.389708
C70,C,0.352033,0.048608,0.286052
C71,C,0.062855,0.026654,0.473279
C72,C,0.096981,0.021920,0.471992
C73,C,0.049848,0.037490,0.442995
H48,H,0.091820,0.074273,0.508670
H49,H,0.048357,0.028298,0.499053
C74,C,0.015259,0.045251,0.449185
C75,C,0.106316,0.061217,0.525399
C76,C,0.160699,0.038656,0.547279
H50,H,0.151104,0.066531,0.502439
C77,C,0.138426,0.056215,0.522458
H51,H,0.042158,0.054236,0.529044
H52,H,0.009905,0.037717,0.474318
C78,C,0.090378,0.040318,0.550840
C79,C,0.054734,0.038172,0.546082
C80,C,0.169084,0.167202,0.447786
C81,C,0.117083,0.025446,0.443747
H53,H,0.141747,0.018706,0.445893
C82,C,0.206451,0.083960,0.432314
H54,H,0.241216,0.005341,0.489007
H55,H,0.278679,0.092703,0.523420
H56,H,0.206603,0.068135,0.537037
C83,C,0.261014,0.053830,0.469593
C84,C,0.185249,0.137542,0.446529
C85,C,0.221490,0.094589,0.462608
C86,C,0.251104,0.042450,0.438169
C87,C,0.206166,0.124339,0.470278
C88,C,0.247469,0.082248,0.483865
H57,H,0.278517,0.041564,0.484109
C89,C,0.258846,0.101514,0.512018
C90,C,0.194892,0.047591,0.549698
C91,C,0.277170,0.035236,0.571018
C92,C,0.402728,0.495849,0.476866
H58,H,0.106933,0.016023,0.494884
C93,C,0.237495,0.128886,0.521225
C94,C,0.212167,0.142465,0.499781
H59,H,0.244115,0.140123,0.543398
C95,C,0.476784,0.144177,0.537907
H60,H,0.457004,0.135069,0.522968
C96,C,0.473374,0.152147,0.567733
H61,H,0.164334,0.207478,0.479773
C97,C,0.174531,0.183685,0.478013
C98,C,0.181117,0.244019,0.560896
H62,H,0.203819,0.254554,0.551376
C99,C,0.194704,0.173437,0.503350
H63,H,0.195524,0.186342,0.525655
H64,H,0.462389,0.399521,0.563669
H65,H,0.502951,0.249924,0.522977
H66,H,0.500346,0.147098,0.525487
H67,H,0.262932,0.021289,0.430295
H68,H,0.406813,0.487182,0.454131
C100,C,0.282803,0.494195,0.433387
C101,C,0.271051,0.471341,0.427348
H69,H,0.020545,0.002798,0.556392
C102,C,0.493681,0.430584,0.534807
C103,C,0.478315,0.414260,0.550059
C104,C,0.043671,0.010902,0.566498
H70,H,0.304027,0.037329,0.566611
C105,C,0.157275,0.234646,0.569764
C106,C,0.108808,0.019703,0.574165
C107,C,0.143949,0.026472,0.574670
C108,C,0.195780,0.011811,0.602123
C109,C,0.428208,0.095341,0.699095
H71,H,0.398822,0.054123,0.690722
C110,C,0.385338,0.090324,0.654826
C111,C,0.413560,0.141903,0.664715
C112,C,0.388154,0.127287,0.605685
H72,H,0.380342,0.108468,0.590813
C113,C,0.397256,0.121369,0.641787
H73,H,0.363613,0.081835,0.645459
C114,C,0.402538,0.076818,0.683592
C115,C,0.434898,0.128722,0.691210
C116,C,0.474526,0.159238,0.598842
C117,C,0.454992,0.498990,0.640993
H74,H,0.133365,0.230388,0.578370
H75,H,0.268524,0.274302,0.589911
C118,C,0.229720,0.309550,0.600834
O2,O,0.242525,0.277474,0.595578
C119,C,0.215447,0.339567,0.605845
C120,C,0.467501,0.177823,0.693989
C121,C,0.386433,0.159397,0.599640
C122,C,0.408682,0.184569,0.618248
C123,C,0.420138,0.174109,0.651239
C124,C,0.427763,0.207163,0.601924
H76,H,0.429116,0.209855,0.575286
C125,C,0.473453,0.281423,0.595949
C126,C,0.448212,0.228259,0.624608
C127,C,0.448348,0.190443,0.666431
C128,C,0.451431,0.224074,0.658357
C129,C,0.463034,0.259704,0.608024
H77,H,0.462870,0.242104,0.672186
C130,C,0.162482,0.004541,0.596162
H78,H,0.110544,0.473399,0.581044
C131,C,0.137604,0.448540,0.624535
C132,C,0.122929,0.462864,0.600426
H79,H,0.205973,0.342874,0.629078
H80,H,0.172583,0.429559,0.655529
H81,H,0.130653,0.416091,0.663034
C133,C,0.146901,0.432787,0.651124
C134,C,0.249619,0.033745,0.574964
H82,H,0.486271,0.303592,0.583293
H83,H,0.446158,0.475555,0.637864
C135,C,0.461019,0.146756,0.705417
H84,H,0.471494,0.165438,0.624359
H85,H,0.484752,0.192326,0.707059
H86,H,0.219773,0.358086,0.589999
C136,C,0.210838,0.034715,0.578384
H87,H,0.211736,-0.000719,0.619936
H88,H,0.375169,0.168147,0.578409
C137,C,0.315693,0.146880,0.817819
C138,C,0.288944,0.146798,0.816876
H89,H,0.263546,0.148755,0.815808
H90,H,0.341306,0.147263,0.820074
H91,H,0.443117,0.082399,0.715381
H92,H,0.490018,0.420600,0.803243
H93,H,0.475150,0.134405,0.722551
H94,H,0.497716,0.014201,0.791659
H95,H,0.035724,0.478396,0.849793
C139,C,0.382076,0.413180,0.755942
C140,C,0.428410,0.329923,0.801525
C141,C,0.404233,0.319443,0.795215
H96,H,0.383264,0.305362,0.790880
C142,C,0.497539,0.301373,0.733078
H97,H,0.486195,0.318745,0.717390
H98,H,0.058370,0.438395,0.809224
C143,C,0.108064,0.443264,0.824241
H99,H,0.090060,0.429398,0.763625
C144,C,0.125754,0.423252,0.800072
C145,C,0.173472,0.411047,0.835894
H100,H,0.172283,0.376315,0.726945
C146,C,0.130481,0.405872,0.739975
C147,C,0.159212,0.409914,0.803536
C148,C,0.174004,0.390722,0.778247
H101,H,0.194720,0.379169,0.787018
C149,C,0.161181,0.389473,0.745190
C150,C,0.112292,0.420433,0.767505
H102,H,0.119740,0.410515,0.719081
C151,C,0.073560,0.450878,0.825578
H103,H,0.195980,0.396811,0.836964
H104,H,0.393456,0.458925,0.779350
C152,C,0.385478,0.438353,0.765450
C153,C,0.497099,0.418850,0.778576
H105,H,0.485482,0.469043,0.761493
C154,C,0.493961,0.445343,0.754849
H106,H,0.453688,0.329795,0.805654
H107,H,0.383261,0.388691,0.747326
C155,C,0.060724,0.471525,0.850069
C156,C,0.129389,0.449022,0.853196
C157,C,0.080681,0.097874,0.968115
C158,C,0.098200,0.122314,0.961000
C159,C,0.117492,0.146244,0.957829
H108,H,0.067202,0.073928,0.971505
H109,H,0.117493,0.165000,0.937515
H110,H,0.162303,0.011901,0.862657
C160,C,0.165024,0.007916,0.888593
H111,H,0.160567,0.055477,0.904555
C161,C,0.165162,0.032273,0.912278
H112,H,0.185960,0.337276,0.962330
C162,C,0.169247,0.024787,0.946406
H113,H,0.137259,0.148560,0.974140
C163,C,0.159725,0.049765,0.971773
H114,H,0.154423,0.073351,0.962453
C164,C,0.227358,0.315453,0.938565
H115,H,0.245787,0.300260,0.926380
H116,H,0.138929,0.491805,0.953722
C165,C,0.122249,0.485939,0.935364
C166,C,0.115840,0.463294,0.878352
C167,C,0.134376,0.469884,0.906989
H117,H,0.176763,0.459893,0.938122
C168,C,0.179071,0.435629,0.891271
C169,C,0.081875,0.478043,0.877408
H118,H,0.202938,0.425604,0.894125
C170,C,0.205847,0.327103,0.950551
C171,C,0.164777,0.453608,0.915953
C172,C,0.068469,0.493353,0.906920
C173,C,0.158910,0.430155,0.861612
H119,H,0.495838,0.086077,0.981914
H120,H,0.182833,0.601999,0.008466
C174,C,0.418151,0.898502,0.009097
C175,C,0.333452,0.649789,0.120234
C176,C,0.335032,0.630898,0.139625
H121,H,0.106802,0.750949,0.134862
H122,H,0.319145,0.835661,0.031944
C177,C,0.321367,0.677372,0.097026
C178,C,0.308795,0.697728,0.084692
H123,H,0.294497,0.715873,0.074406
C179,C,0.329881,0.816947,0.018290
H124,H,0.452347,0.795956,0.131160
C180,C,0.423429,0.782580,0.043304
H125,H,0.419660,0.838216,0.107661
H126,H,0.367486,0.843971,0.059391
C181,C,0.424939,0.818273,0.093515
C182,C,0.382763,0.826931,0.049169
C183,C,0.410505,0.811168,0.061893
C184,C,0.434378,0.756694,0.062860
C185,C,0.441620,0.792747,0.107424
C186,C,0.365576,0.811303,0.022234
H127,H,0.451677,0.739454,0.110484
H128,H,0.435545,0.733136,0.052198
C187,C,0.445339,0.759588,0.094841
C188,C,0.417061,0.779620,0.009015
C189,C,0.171751,0.963268,0.057879
H129,H,0.177318,0.915553,0.040083
C190,C,0.181096,0.938994,0.034084
C191,C,0.397174,0.915415,0.031406
C192,C,0.166624,0.944587,0.091981
C193,C,0.162062,0.932370,0.116103
H130,H,0.156769,0.920548,0.139687
H131,H,0.408940,0.926654,0.050888
C194,C,0.362576,0.915010,0.027681
H132,H,0.468806,0.902834,0.028830
C195,C,0.453371,0.893240,0.010924
H133,H,0.349374,0.928562,0.044909
H134,H,0.294918,0.894519,0.011881
C196,C,0.166339,0.996964,0.049623
H135,H,0.039888,0.954631,-0.000724
C197,C,0.180985,0.950448,0.000204
H136,H,0.033498,0.572857,0.218500
C198,C,0.023976,0.583121,0.197662
C199,C,0.491072,0.634405,0.178709
C200,C,0.013351,0.594114,0.175544
C201,C,0.124426,0.506104,0.283680
C202,C,0.041394,0.524460,0.255562
H137,H,0.001493,0.602907,0.153356
H138,H,0.051868,0.545579,0.246813
H139,H,0.111413,0.495377,0.263641
H140,H,0.334489,0.614916,0.158285
C203,C,0.482730,0.660212,0.173379
H141,H,0.097084,0.832521,0.244455
C204,C,0.116526,0.803414,0.201824
C205,C,0.121346,0.766357,0.149879
C206,C,0.124590,0.787107,0.175532
C207,C,0.103937,0.817402,0.226556
C208,C,0.019345,0.763049,0.266751
C209,C,0.027171,0.743647,0.249775
H142,H,0.040188,0.732858,0.231568
H143,H,0.356031,0.671520,0.234767
C210,C,0.413326,0.719922,0.272994
H144,H,0.477416,0.685667,0.171145
H145,H,0.434393,0.729995,0.258034
C211,C,0.355904,0.693255,0.250156
C212,C,0.385785,0.702229,0.261165
H146,H,0.333513,0.708831,0.251418
C213,C,0.026609,0.504293,0.263949
H147,H,0.015077,0.782613,0.281633
C214,C,0.125625,0.623563,0.402530
C215,C,0.099337,0.630549,0.381450
H148,H,0.106392,0.640853,0.359068
C216,C,0.067381,0.617183,0.385688
H149,H,0.047364,0.623647,0.369500
H150,H,0.014612,0.580721,0.394278
C217,C,0.059684,0.599078,0.415471
C218,C,0.030793,0.579685,0.414553
C219,C,0.136100,0.516784,0.305994
C220,C,0.156294,0.628607,0.386124
H151,H,0.155836,0.637652,0.364117
C221,C,0.184511,0.613156,0.402907
H152,H,0.205620,0.604281,0.392138
H153,H,0.146701,0.526887,0.327390
C222,C,0.223779,0.874603,0.430108
H154,H,0.202258,0.991526,0.363187
C223,C,0.155687,0.719483,0.364914
H155,H,0.130820,0.712048,0.365662
C224,C,0.180948,0.730985,0.369189
H156,H,0.269355,0.734093,0.382803
C225,C,0.243248,0.731566,0.376158
C226,C,0.216081,0.734225,0.373374
H157,H,0.304132,0.992508,0.386678
H158,H,0.014644,0.992250,0.398835
C227,C,0.009676,0.989622,0.426340
C228,C,0.279833,0.988803,0.379716
H159,H,0.224150,0.862164,0.408503
H160,H,0.238890,0.916466,0.405938
C229,C,0.250204,0.991118,0.372269
H161,H,0.048562,0.708244,0.405591
C230,C,0.064189,0.704255,0.427694
C231,C,0.022917,0.562700,0.443738
C232,C,0.041448,0.566407,0.472755
H162,H,0.038282,0.548596,0.492695
C233,C,0.071498,0.587492,0.474592
C234,C,0.085325,0.591658,0.507971
C235,C,0.083827,0.598999,0.443120
C236,C,0.117405,0.598431,0.514769
H163,H,0.124955,0.600890,0.539428
C237,C,0.146114,0.605093,0.455909
C238,C,0.145878,0.597988,0.491353
H164,H,0.071154,0.588079,0.529591
C239,C,0.117287,0.609572,0.434608
C240,C,0.177722,0.592794,0.504176
H165,H,0.180636,0.590183,0.529651
C241,C,0.204684,0.581191,0.483995
C242,C,0.206726,0.589631,0.451785
H166,H,0.226706,0.570790,0.493060
H167,H,0.229874,0.586305,0.435479
C243,C,0.178767,0.605615,0.437702
H168,H,0.357443,0.560972,0.503024
C244,C,0.371312,0.512507,0.477527
H169,H,0.352986,0.505415,0.464750
C245,C,0.366312,0.538828,0.508293
C246,C,0.003417,0.981631,0.491733
C247,C,0.364389,0.525201,0.536134
H170,H,0.360873,0.516863,0.560079
H171,H,0.155096,0.792346,0.532244
H172,H,0.289370,0.518829,0.440366
C248,C,0.169791,0.813297,0.538568
C249,C,0.235422,0.963044,0.458206
H173,H,0.168812,0.792619,0.480307
C250,C,0.184269,0.813381,0.481601
C251,C,0.197366,0.827158,0.454771
C252,C,0.187484,0.829784,0.513430
H174,H,0.493230,0.724484,0.526385
H175,H,0.237257,0.974207,0.433792
C253,C,0.230627,0.934502,0.515380
H176,H,0.194666,0.819212,0.432062
C254,C,0.207156,0.871727,0.555201
H177,H,0.229811,0.981510,0.543005
C255,C,0.233740,0.982080,0.488071
C256,C,0.236233,0.926611,0.460535
C257,C,0.217972,0.855824,0.461252
C258,C,0.209645,0.858646,0.521652
H178,H,0.095667,0.698731,0.468772
C259,C,0.216645,0.874362,0.490467
C260,C,0.233820,0.907145,0.493298
C261,C,0.230941,0.967228,0.521451
C262,C,0.081061,0.701545,0.449052
H179,H,0.193036,0.543132,0.565912
C263,C,0.007246,0.985977,0.452911
C264,C,0.166982,0.827186,0.568764
H180,H,-0.001055,0.552583,0.445066
H181,H,0.012187,0.928948,0.568010
C265,C,0.232042,0.908377,0.430083
C266,C,0.147428,0.551895,0.583323
C267,C,0.116731,0.554655,0.580943
H182,H,0.090585,0.561642,0.580012
C268,C,0.179219,0.549412,0.585811
H183,H,0.196563,0.918763,0.613328
H184,H,0.192187,0.555397,0.607395
C269,C,0.434802,0.609320,0.679184
C270,C,0.459698,0.592982,0.668688
H185,H,0.431819,0.622952,0.701158
C271,C,0.472951,0.571772,0.645090
C272,C,0.411995,0.607608,0.647991
H186,H,0.395178,0.626230,0.647901
C273,C,0.412047,0.579329,0.627641
C274,C,0.439992,0.556753,0.633914
H187,H,0.392509,0.573698,0.611221
C275,C,0.435822,0.523010,0.627311
H188,H,0.128983,0.698419,0.574876
C276,C,0.486717,0.509768,0.651815
H189,H,0.411036,0.515560,0.613678
C277,C,0.135477,0.721499,0.586387
C278,C,0.115143,0.751534,0.585505
H190,H,0.091117,0.749003,0.577865
C279,C,0.154390,0.780981,0.625586
C280,C,0.123933,0.778722,0.605844
C281,C,0.161556,0.810810,0.643041
H191,H,0.108337,0.798493,0.607313
H192,H,0.141611,0.826855,0.647676
H193,H,0.150754,0.818541,0.587417
C282,C,0.166917,0.723682,0.599210
C283,C,0.178640,0.753906,0.618488
C284,C,0.191763,0.698253,0.588320
C285,C,0.195363,0.817121,0.648452
C286,C,0.223555,0.701129,0.597890
C287,C,0.212324,0.758857,0.623913
C288,C,0.234779,0.732920,0.615986
C289,C,0.218253,0.791617,0.640375
H194,H,0.256525,0.821296,0.657170
H195,H,0.285838,0.722375,0.634185
C290,C,0.266080,0.739550,0.632228
C291,C,0.250705,0.797093,0.650429
C292,C,0.273438,0.771355,0.644297
C293,C,0.310847,0.778922,0.655806
H196,H,0.181695,0.676901,0.571228
H197,H,0.241545,0.683640,0.591311
C294,C,0.337405,0.782757,0.662057
H198,H,0.361432,0.787135,0.667630
C295,C,0.156977,0.931632,0.687295
C296,C,0.113383,0.969531,0.610546
C297,C,0.095330,0.990352,0.587701
H199,H,0.042806,0.973420,0.603022
C298,C,0.058646,0.990149,0.589950
H200,H,0.104113,0.951734,0.626645
C299,C,0.145323,0.977416,0.613221
H201,H,0.487226,0.705847,0.575763
C300,C,0.181655,0.935307,0.674130
C301,C,0.217539,0.923429,0.601197
H202,H,0.204226,0.941724,0.664994
C302,C,0.186571,0.855515,0.580988
H203,H,0.202835,0.835715,0.663285
C303,C,0.129412,0.930232,0.710856
H204,H,0.261140,0.946133,0.582394
H205,H,0.158708,0.963352,0.629487
H206,H,0.191301,0.862331,0.606069
C304,C,0.496229,0.543809,0.644662
C305,C,0.240381,0.933346,0.590164
C306,C,0.426002,0.820290,0.837424
H207,H,0.401349,0.818157,0.830892
C307,C,0.493156,0.819781,0.851734
H208,H,0.426487,0.771671,0.854383
C308,C,0.441271,0.793182,0.850388
C309,C,0.475791,0.788928,0.857202
C310,C,0.496590,0.878862,0.829677
H209,H,0.089917,0.917088,0.746156
C311,C,0.109955,0.923393,0.729380
H210,H,0.434546,0.925229,0.800283
C312,C,0.445881,0.906608,0.809663
C313,C,0.489124,0.962711,0.791610
C314,C,0.482103,0.904867,0.810894
C315,C,0.477401,0.848596,0.836988
H211,H,0.400353,0.882026,0.813730
H212,H,0.466200,0.959012,0.780133
C316,C,0.425793,0.878444,0.816678
C317,C,0.442003,0.849833,0.828463
H213,H,0.347659,0.878396,0.857065
C318,C,0.091827,0.501259,0.931877
H214,H,0.044217,0.501155,0.906891
H215,H,0.087708,0.516423,0.948801
H216,H,0.098618,0.582291,0.980284
C319,C,0.095366,0.607904,0.985913
C320,C,0.116189,0.628061,0.978591
C321,C,0.138655,0.648161,0.969054
H217,H,0.157416,0.664937,0.965892
H218,H,0.234982,0.633690,0.958261
C322,C,0.218881,0.623601,0.974953
H219,H,0.290733,0.759264,0.950215
C323,C,0.346636,0.901333,1.000020
C324,C,0.313777,0.799041,0.991546
C325,C,0.315404,0.751617,0.953821
C326,C,0.332522,0.773546,0.975787
H220,H,0.322188,0.721116,0.910256
C327,C,0.333544,0.735019,0.930237
H221,H,0.384445,0.717175,0.911863
C328,C,0.369104,0.732025,0.930268
C329,C,0.369186,0.770695,0.976511
C330,C,0.385022,0.743589,0.959554
C331,C,0.166231,0.991401,0.958692
C332,C,0.419888,0.734895,0.964672
H222,H,0.431927,0.712189,0.955975
C333,C,0.436239,0.758144,0.985155
H223,H,0.457359,0.750267,0.995338
C334,C,0.466226,0.871898,0.985292
C335,C,0.170389,0.984000,0.993016
C336,C,0.035990,0.948084,0.952274
O3,O,0.041122,0.963380,0.920666
C337,C,0.030986,0.935841,0.980715
C338,C,0.385831,0.792684,0.998662
C339,C,0.175054,0.931654,0.942516
H224,H,0.053804,0.951269,0.903459
C340,C,0.168879,0.973953,0.899952
H225,H,0.177030,0.957603,0.882571
H226,H,0.175158,0.911762,0.925903
C341,C,0.170466,0.966193,0.934297
H227,H,0.186772,0.899698,0.983372
C342,C,0.179694,0.924559,0.974543
C343,C,0.329605,0.876916,0.939575
C344,C,0.312782,0.891166,0.993707
H228,H,0.301061,0.875862,0.895415
H229,H,0.277511,0.870171,0.960546
C345,C,0.301847,0.877236,0.964460
C346,C,0.362950,0.869132,0.949726
C347,C,0.448531,0.857937,0.956690
H230,H,0.401798,0.878752,0.873520
C348,C,0.352350,0.877129,0.881205
C349,C,0.385384,0.874699,0.891763
C350,C,0.369473,0.881757,0.981917
C351,C,0.417701,0.872920,0.953978
H231,H,0.460082,0.839919,0.942852
C352,C,0.391631,0.870764,0.929613
C353,C,0.400859,0.883950,0.985009
H232,H,0.491924,0.867577,0.987682
C354,C,0.324550,0.875025,0.904608
C355,C,0.201300,0.612969,0.992651
H233,H,0.029958,0.908054,0.983390
H234,H,0.489523,0.770613,0.865195
H235,H,0.288698,0.802799,0.984385
H236,H,0.072534,0.616046,0.998815
H237,H,0.564315,0.168195,0.064735
C356,C,0.563770,0.178648,0.116852
C357,C,0.562805,0.174442,0.090298
H238,H,0.628914,0.440685,0.007585
H239,H,0.874382,0.369612,0.124910
C358,C,0.731672,0.127140,0.020119
C359,C,0.748736,0.156452,0.009094
H240,H,0.699584,0.098338,0.053156
C360,C,0.715126,0.111246,0.035634
H241,H,0.582676,0.300736,0.026059
C361,C,0.592034,0.301406,0.049855
H242,H,0.573450,0.293315,0.067996
C362,C,0.847656,0.370157,0.122390
H243,H,0.794979,0.316773,0.056746
H244,H,0.754449,0.334939,0.019436
H245,H,0.844178,0.330009,0.089541
H246,H,0.857916,0.226438,0.113409
C363,C,0.865834,0.247517,0.103990
C364,C,0.876991,0.269513,0.091929
H247,H,0.888754,0.288292,0.079541
H248,H,0.669419,0.332110,0.078401
C365,C,0.619995,0.313592,0.056324
C366,C,0.647623,0.325454,0.065867
C367,C,0.715054,0.445610,0.060462
C368,C,0.719153,0.395354,0.023908
C369,C,0.784203,0.433752,0.143750
C370,C,0.831607,0.348158,0.101374
H249,H,0.685896,0.434985,0.018598
C371,C,0.752454,0.394571,0.079914
C372,C,0.705766,0.425033,0.032586
H250,H,0.707696,0.382897,-0.000066
C373,C,0.735762,0.423637,0.076057
H251,H,0.714875,0.471257,0.058857
C374,C,0.784442,0.387115,0.098259
C375,C,0.784007,0.340404,0.059443
C376,C,0.743800,0.382700,0.046402
C377,C,0.798326,0.405793,0.126538
C378,C,0.760497,0.350746,0.039623
C379,C,0.799924,0.359831,0.085690
H252,H,0.678797,0.134141,0.263912
C380,C,0.671656,0.160685,0.258358
C381,C,0.842101,0.007465,0.255711
C382,C,0.841951,0.034196,0.256798
H253,H,0.835294,0.057692,0.254234
C383,C,0.846332,0.137871,0.278198
H254,H,0.853702,0.113807,0.272766
H255,H,0.639696,0.174101,0.202489
C384,C,0.561820,0.264008,0.242472
C385,C,0.618537,0.246697,0.228496
C386,C,0.654213,0.193042,0.211784
C387,C,0.646695,0.230517,0.211552
C388,C,0.660365,0.285768,0.224294
C389,C,0.605546,0.307655,0.238841
C390,C,0.626381,0.280787,0.233692
H256,H,0.556459,0.312172,0.257166
C391,C,0.573467,0.297547,0.246366
C392,C,0.582312,0.240438,0.231622
H257,H,0.568449,0.219811,0.224486
H258,H,0.534338,0.259215,0.247313
H259,H,0.697732,0.172438,0.190712
C393,C,0.664299,0.188613,0.251493
H260,H,0.669077,0.211011,0.266659
C394,C,0.672041,0.316140,0.221280
C395,C,0.671803,0.256904,0.211751
C396,C,0.689834,0.194489,0.196485
C397,C,0.705885,0.254151,0.206792
C398,C,0.703471,0.315803,0.208227
C399,C,0.711648,0.220604,0.197178
H261,H,0.709944,0.341813,0.200622
C400,C,0.720275,0.286216,0.204079
H262,H,0.737417,0.215050,0.191666
H263,H,0.744237,0.289798,0.192274
H264,H,0.928685,0.181650,0.212240
H265,H,0.970917,0.248967,0.218818
C401,C,0.958732,0.226379,0.216913
C402,C,0.943195,0.204408,0.214526
C403,C,0.653768,0.347589,0.231508
C404,C,0.624638,0.342566,0.242344
H266,H,0.610490,0.362596,0.249729
H267,H,0.664528,0.370822,0.230598
H268,H,0.836022,0.441714,0.209906
H269,H,0.781110,0.472057,0.184809
C405,C,0.840282,0.408764,0.170155
C406,C,0.823255,0.435592,0.187616
C407,C,0.794798,0.450809,0.174442
H270,H,0.756066,0.498298,0.272960
H271,H,0.862715,0.401815,0.179380
H272,H,0.563811,0.182511,0.138185
C408,C,0.826116,0.390152,0.142951
C409,C,0.519226,0.042393,0.362515
H273,H,0.552304,0.054010,0.403436
C410,C,0.535924,0.047942,0.382626
C411,C,0.876018,0.344226,0.370204
C412,C,0.859257,0.407732,0.388896
C413,C,0.838708,0.162382,0.284690
H274,H,0.982334,0.101821,0.312775
C414,C,0.962452,0.081127,0.387161
C415,C,0.987892,0.100134,0.336917
C416,C,0.993524,0.068356,0.395898
C417,C,0.960321,0.095536,0.354344
H275,H,0.935560,0.100162,0.345565
H276,H,0.944133,0.080540,0.404622
H277,H,0.831044,0.185815,0.291553
H278,H,0.730518,0.252410,0.338603
H279,H,0.753614,0.200450,0.355803
C418,C,0.757343,0.249777,0.339885
C419,C,0.770149,0.220896,0.353995
C420,C,0.782551,0.274371,0.329255
C421,C,0.805932,0.219801,0.361792
C422,C,0.818392,0.273511,0.339865
C423,C,0.835267,0.303810,0.345887
C424,C,0.771200,0.308557,0.319259
H280,H,0.745977,0.308907,0.313752
C425,C,0.786691,0.339019,0.321008
C426,C,0.859359,0.374352,0.363786
H281,H,0.810481,0.200063,0.376469
C427,C,0.828342,0.247391,0.363326
C428,C,0.860081,0.250564,0.380768
C429,C,0.865929,0.309976,0.362309
H282,H,0.870671,0.230423,0.391671
C430,C,0.878490,0.278894,0.377876
H283,H,0.901144,0.277948,0.388152
C431,C,0.961273,0.226007,0.362537
C432,C,0.942985,0.220574,0.334740
C433,C,0.919358,0.222255,0.312380
H284,H,0.905959,0.214576,0.291768
C434,C,0.974872,0.231868,0.391197
C435,C,0.817547,0.336559,0.339383
C436,C,0.830051,0.368065,0.346648
H285,H,0.774445,0.361519,0.313833
H286,H,0.815517,0.388698,0.339917
C437,C,0.881685,0.401756,0.408806
H287,H,0.894922,0.346135,0.387676
H288,H,0.841179,0.430100,0.389266
H289,H,0.961587,0.238903,0.412118
H290,H,0.720384,0.007281,0.403290
H291,H,0.548676,0.145683,0.443499
C438,C,0.538969,0.163231,0.459203
H292,H,0.778642,0.066796,0.489965
C439,C,0.725773,0.003749,0.487065
C440,C,0.987933,0.055730,0.430845
C441,C,0.748960,0.024209,0.480503
C442,C,0.771942,0.046786,0.474957
H293,H,0.788721,0.042085,0.455751
O4,O,0.908244,0.391370,0.432231
H294,H,0.961497,0.055203,0.438853
H295,H,0.609787,0.389499,0.478703
H296,H,0.900693,0.375662,0.447994
C443,C,0.528814,0.180395,0.478082
C444,C,0.614250,0.178618,0.555512
H297,H,0.607338,0.166630,0.533806
C445,C,0.615975,0.214357,0.549973
H298,H,0.589147,0.276673,0.505861
C446,C,0.594853,0.230314,0.527718
C447,C,0.626919,0.277698,0.548241
C448,C,0.603703,0.264321,0.523846
H299,H,0.578933,0.219549,0.516262
C449,C,0.632039,0.312388,0.554081
C450,C,0.515654,0.207289,0.499909
C451,C,0.928582,0.254289,0.547133
H300,H,0.914170,0.247943,0.526293
C452,C,0.943187,0.261660,0.568695
H301,H,0.632311,0.329272,0.534888
H302,H,0.541355,0.425862,0.495067
C453,C,0.564862,0.415301,0.491742
C454,C,0.588157,0.402543,0.486177
C455,C,0.509122,0.229878,0.510206
H303,H,0.505708,0.452457,0.529091
H304,H,0.763243,0.116499,0.559982
H305,H,0.668401,0.480817,0.543995
C456,C,0.777500,0.135888,0.570344
C457,C,0.685870,0.482609,0.565951
H306,H,0.613372,0.380646,0.572759
H307,H,0.607730,0.149677,0.652261
H308,H,0.558613,0.057060,0.686923
C458,C,0.559496,0.029472,0.690154
H309,H,0.615598,0.137893,0.587199
C459,C,0.563339,0.003097,0.693570
C460,C,0.617370,0.161809,0.583817
C461,C,0.701341,0.005404,0.671394
C462,C,0.691995,0.031521,0.655374
C463,C,0.686100,0.056874,0.635212
C464,C,0.680739,0.083254,0.619591
H310,H,0.675281,0.107542,0.610115
H311,H,0.694134,0.208233,0.630368
H312,H,0.503465,0.459133,0.705098
H313,H,0.544369,0.207735,0.692875
C465,C,0.874997,0.095760,0.613974
C466,C,0.899496,0.089160,0.622941
H314,H,0.856813,0.105332,0.601454
C467,C,0.936130,0.085264,0.635923
C468,C,0.959103,0.070663,0.640353
H315,H,0.981628,0.059507,0.645943
C469,C,0.614365,0.173861,0.646371
H316,H,0.613025,0.194954,0.695508
C470,C,0.619706,0.183814,0.613716
C471,C,0.615900,0.199463,0.669596
C472,C,0.633419,0.215711,0.608843
C473,C,0.616195,0.233222,0.659996
H317,H,0.606098,0.250573,0.675499
C474,C,0.640764,0.322177,0.586376
C475,C,0.634341,0.242743,0.631773
C476,C,0.635068,0.262684,0.578938
H318,H,0.644162,0.313109,0.640888
C477,C,0.635852,0.273653,0.611082
C478,C,0.640706,0.305814,0.617598
H319,H,0.659739,0.259578,0.684925
H320,H,0.627262,0.337779,0.713103
C479,C,0.634668,0.230078,0.576059
H321,H,0.719136,0.490950,0.606175
H322,H,0.732512,0.205133,0.698295
C480,C,0.721342,0.202843,0.674577
C481,C,0.705848,0.207007,0.652857
C482,C,0.795064,0.153943,0.579411
C483,C,0.817730,0.180556,0.594803
H323,H,0.849819,0.215180,0.615328
C484,C,0.835711,0.198705,0.604442
H324,H,0.956645,0.268754,0.590092
H325,H,0.849195,0.320088,0.666662
C485,C,0.861308,0.317103,0.689960
C486,C,0.701908,0.484445,0.587560
C487,C,0.671499,0.265656,0.706417
C488,C,0.616727,0.403546,0.582614
C489,C,0.541240,0.494171,0.667586
H326,H,0.558224,0.478527,0.679055
C490,C,0.614926,0.425752,0.597823
C491,C,0.511269,0.483360,0.652091
H327,H,0.649949,0.348688,0.588834
H328,H,0.545012,0.424696,0.669588
C492,C,0.569293,0.381802,0.685869
H329,H,0.581671,0.386626,0.662960
C493,C,0.615110,0.459779,0.614722
C494,C,0.543238,0.405821,0.687032
C495,C,0.611754,0.485200,0.624080
H330,H,0.503719,0.458397,0.653131
O5,O,0.554820,0.230186,0.699976
C496,C,0.518472,0.409316,0.712441
C497,C,0.574722,0.356681,0.712109
H331,H,0.556035,0.012654,0.808264
H332,H,0.529436,0.242923,0.782396
C498,C,0.537290,0.163463,0.771362
C499,C,0.538989,0.137264,0.778460
H333,H,0.538732,0.112255,0.781330
C500,C,0.502879,0.440026,0.721381
H334,H,0.530582,0.185661,0.763521
H335,H,0.504017,0.363270,0.834424
C501,C,0.570336,0.315077,0.811234
H336,H,0.969195,0.027245,0.805572
C502,C,0.972468,0.001987,0.802476
C503,C,0.543259,0.243873,0.730830
C504,C,0.532886,0.256662,0.760269
C505,C,0.603992,0.339580,0.725637
C506,C,0.577083,0.329757,0.780855
C507,C,0.605022,0.325182,0.758180
H337,H,0.627698,0.313708,0.765469
C508,C,0.524002,0.362150,0.788331
C509,C,0.544110,0.325893,0.832274
H338,H,0.583625,0.296282,0.817892
C510,C,0.523406,0.352302,0.820978
H339,H,0.543603,0.312803,0.856031
C511,C,0.509577,0.387595,0.767478
H340,H,0.717498,0.308046,0.802684
C512,C,0.701394,0.279880,0.760575
C513,C,0.686903,0.267622,0.729420
C514,C,0.708851,0.294107,0.783279
C515,C,0.550441,0.362418,0.736300
C516,C,0.549989,0.349707,0.768238
C517,C,0.524800,0.385016,0.735461
H341,H,0.870362,0.307058,0.739453
C518,C,0.507872,0.283193,0.750517
C519,C,0.866884,0.312951,0.715605
C520,C,0.515601,0.070375,0.975054
C521,C,0.532517,0.021707,0.949771
C522,C,0.551337,0.015610,0.983111
C523,C,0.520095,0.052836,0.944028
H342,H,0.623789,0.168597,0.977957
H343,H,0.551186,0.100024,1.004330
H344,H,0.524366,0.007559,0.901295
C524,C,0.547969,0.077785,0.991606
H345,H,0.511847,0.058929,0.921163
C525,C,0.565909,0.045607,0.996418
H346,H,0.809913,0.021476,0.955932
H347,H,0.839427,0.093007,0.958025
C526,C,0.821227,0.044230,0.956043
C527,C,0.831448,0.068963,0.956353
C528,C,0.643642,0.185902,0.977249
C529,C,0.608307,0.448914,0.999657
C530,C,0.602125,0.263252,0.913791
C531,C,0.613605,0.270454,0.890012
H348,H,0.589086,0.256400,0.936593
H349,H,0.626042,0.277345,0.868168
C532,C,0.648009,0.201215,0.949351
C533,C,0.654248,0.217666,0.924261
H350,H,0.660365,0.229433,0.903238
H351,H,0.779720,0.193588,0.981668
H352,H,0.641510,0.388333,0.902405
C534,C,0.584178,0.466114,0.986501
C535,C,0.563143,0.488476,0.975697
H353,H,0.539631,0.484251,0.967888
C536,C,0.665009,0.346015,0.881691
C537,C,0.651412,0.368819,0.888964
H354,H,0.677454,0.325482,0.873798
C538,C,0.765322,0.176288,0.997557
H355,H,0.659916,0.188866,0.998139
H356,H,0.685434,0.616756,0.031805
C539,C,0.866686,0.754904,0.000614
C540,C,0.848272,0.737154,0.009335
H357,H,0.829773,0.721902,0.018220
H358,H,0.987094,0.852463,0.062421
H359,H,0.560460,0.885193,0.007721
H360,H,0.607663,0.887141,0.036929
C541,C,0.629995,0.928194,0.060605
C542,C,0.627047,0.965792,0.060159
C543,C,0.610502,0.913778,0.037401
H361,H,0.643015,0.914862,0.078502
C544,C,0.605380,0.974904,0.037546
C545,C,0.587523,0.932081,0.016702
C546,C,0.585096,0.969919,0.013128
H362,H,0.641559,0.983671,0.076667
C547,C,0.933837,0.906915,0.015839
C548,C,0.971148,0.868968,0.051045
C549,C,0.744771,0.901960,0.124226
C550,C,0.766404,0.905358,0.140227
H363,H,0.725671,0.897368,0.107577
C551,C,0.954410,0.887110,0.039625
C552,C,0.690347,0.613579,0.005168
C553,C,0.561992,0.911305,0.003694
C554,C,0.525893,0.589922,0.204841
C555,C,0.505303,0.604167,0.192559
H364,H,0.540435,0.571484,0.216896
H365,H,0.901430,0.908050,0.244548
C556,C,0.916468,0.907921,0.267344
C557,C,0.735469,0.510613,0.279591
H366,H,0.790863,0.901933,0.147015
H367,H,0.840866,0.982610,0.253890
H368,H,0.632890,0.561043,0.302732
C558,C,0.656872,0.552677,0.300890
C559,C,0.681253,0.543142,0.297144
C560,C,0.972298,0.588074,0.314355
C561,C,0.945612,0.587055,0.320746
H369,H,0.919925,0.587289,0.328391
C562,C,0.847047,0.733607,0.387219
C563,C,0.821475,0.734036,0.395689
C564,C,0.785450,0.722142,0.400832
C565,C,0.759305,0.714762,0.399781
H370,H,0.733374,0.710717,0.398518
H371,H,0.872095,0.734444,0.379943
H372,H,0.901232,0.782087,0.407318
C566,C,0.708328,0.989372,0.420085
C567,C,0.879480,0.773297,0.418266
C568,C,0.713367,0.524125,0.287256
H373,H,0.933215,0.911326,0.315812
C569,C,0.924254,0.909239,0.293234
H374,H,0.996862,0.592459,0.311838
H375,H,0.586029,0.664566,0.488250
C570,C,0.589350,0.667260,0.511717
C571,C,0.618617,0.656102,0.527720
H376,H,0.636088,0.641652,0.516527
H377,H,0.650816,0.611069,0.543812
C572,C,0.621045,0.661755,0.563710
C573,C,0.659531,0.618353,0.566051
C574,C,0.509334,0.698948,0.567718
C575,C,0.562737,0.680549,0.531598
H378,H,0.535980,0.706575,0.490347
C576,C,0.972496,0.897791,0.556229
C577,C,0.509649,0.706669,0.533440
C578,C,0.566061,0.683040,0.568373
C579,C,0.539417,0.701213,0.515335
H379,H,0.596945,0.729520,0.546064
C580,C,0.580159,0.747188,0.539167
C581,C,0.559756,0.766061,0.525382
C582,C,0.535629,0.782966,0.510645
H380,H,0.541667,0.797409,0.489191
H381,H,0.511248,0.785973,0.520295
C583,C,0.742691,0.812223,0.472076
C584,C,0.721217,0.787865,0.468532
H382,H,0.700743,0.790442,0.453293
H383,H,0.726236,0.763600,0.475862
C585,C,0.998781,0.978556,0.518046
C586,C,0.857415,0.766300,0.431617
H384,H,0.839210,0.765330,0.447632
H385,H,0.672918,0.939209,0.474925
C587,C,0.690770,0.937466,0.455999
H386,H,0.773869,0.855764,0.477265
C588,C,0.760053,0.835413,0.474196
C589,C,0.702185,0.962675,0.436742
H387,H,0.707270,0.917710,0.456947
H388,H,0.698774,0.581752,0.561917
H389,H,0.953788,0.883620,0.551012
C590,C,0.993289,0.913977,0.562372
H390,H,0.981472,0.974963,0.536563
H391,H,0.712377,0.985788,0.496937
C591,C,0.551798,0.528753,0.666041
H392,H,0.586082,0.518653,0.705270
C592,C,0.576317,0.537497,0.690622
C593,C,0.588930,0.569589,0.690661
C594,C,0.530022,0.553423,0.648708
C595,C,0.546426,0.580819,0.662883
C596,C,0.566579,0.598664,0.683148
H393,H,0.610441,0.573494,0.703757
C597,C,0.652358,0.648351,0.617734
H394,H,0.612342,0.510076,0.632032
C598,C,0.648643,0.646813,0.582658
H395,H,0.566282,0.625004,0.687027
C599,C,0.672768,0.623849,0.631688
H396,H,0.677277,0.624252,0.657632
C600,C,0.661466,0.724328,0.704579
C601,C,0.692473,0.599781,0.614016
C602,C,0.684236,0.596230,0.580227
H397,H,0.713728,0.588351,0.628634
C603,C,0.538930,0.693090,0.587481
C604,C,0.538302,0.691627,0.622617
C605,C,0.595455,0.670902,0.583980
C606,C,0.625579,0.665849,0.635940
C607,C,0.565508,0.681749,0.634854
H398,H,0.629224,0.678850,0.657977
C608,C,0.595817,0.670305,0.618854
H399,H,0.562011,0.682373,0.661267
H400,H,0.518230,0.702389,0.634767
C609,C,0.865456,0.934594,0.692757
H401,H,0.724014,0.735618,0.654689
H402,H,0.740322,0.730285,0.694453
C610,C,0.720840,0.732820,0.679712
C611,C,0.692618,0.729097,0.692551
H403,H,0.632503,0.968011,0.678259
C612,C,0.646214,0.949595,0.687036
H404,H,0.673354,0.906773,0.702570
C613,C,0.660093,0.927045,0.694651
H405,H,0.702807,0.988056,0.686453
H406,H,0.569377,0.977401,0.697080
H407,H,0.843813,0.927918,0.678132
C614,C,0.885895,0.940900,0.709100
C615,C,0.570272,0.733638,0.765137
C616,C,0.557711,0.763157,0.764922
H408,H,0.553098,0.788479,0.765566
C617,C,0.586606,0.706847,0.768087
H409,H,0.574163,0.681855,0.758472
H410,H,0.613665,0.705258,0.773599
H411,H,0.645876,0.706477,0.714603
C618,C,0.503757,0.933632,0.806955
C619,C,0.556777,0.965142,0.824051
C620,C,0.529573,0.880372,0.839285
C621,C,0.535566,0.935666,0.824378
H412,H,0.580622,0.964383,0.834553
H413,H,0.572948,0.904944,0.848688
C622,C,0.551766,0.906299,0.834727
C623,C,0.510277,0.991324,0.791520
H414,H,0.976829,0.949823,0.792969
C624,C,0.543387,0.990605,0.805583
C625,C,0.974572,0.975165,0.797404
H415,H,0.904457,0.947969,0.725774
H416,H,0.574127,0.511555,0.971401
H417,H,0.701123,0.606150,0.954940
C626,C,0.697349,0.608611,0.979597
C627,C,0.543045,0.853537,0.859074
H418,H,0.539186,0.804985,0.878056
C628,C,0.528397,0.824467,0.863697
C629,C,0.540389,0.966849,0.932747
C630,C,0.531473,0.998850,0.924638
H419,H,0.538094,0.948566,0.915308
H420,H,0.563564,0.859230,0.869691
C631,C,0.561977,0.983159,0.987389
H421,H,0.522205,0.909080,0.975520
C632,C,0.540472,0.925369,0.982228
C633,C,0.548435,0.957572,0.965874
C634,C,0.918953,0.916126,0.994310
H422,H,0.905441,0.924906,0.974409
H423,H,0.882992,0.772027,0.992219
